author,comment,likes,published
@RahasiaNegara-n7v,"Permainan di mbg bgn di dekingin oleh kepalanya sendiri Dadan Hindayana,  
1. Tigor pangaribuan (bertugas menetapkan aturan disystem tata kelola sepihak tanpa berkoordinasi dengan kedeputian dialur hampir semua tugas fungsi kedeputian dialur di masukan orangnya dia yg bukan posisinya di kedeputian dialur agar mudah mengatur verifikasi mitra dan pencairan mitra, dengan mengambil tugas fungsi kedeputian dialur, pemegang mutlak BA Verval)
2. Risal (dijadikan ppk mbg agar dapat bermain mengatur pencairan biar mudah mengirimkan uang ke dapur2nya seperti pengiriman uang kevirtual account tidak sesuai batas maksimal contoh seharusnya per periode 600 dia kirimkan 1 M agar mudah memanipulasi seolah uang untuk mbg sudah abis, padahal mengendap di virtual account)  
3. Rikola (mengumpulkan mitra dengan memerintahkan sppi untuk siapa yang mau di verifikasi harus membayar, bahkan membahasakan walaupun web mitra tutup dia masih bisa masuk melalui super admin Ary Santoso dan Sony Sanjaya), 
4. Redy Hendra Gunawan(tugasnya bermain di anggaran seperti anggaran EO, Kehumasan dan lain sebagainya dengan mengatur sepihak geser2 anggaran dengan memerintahkan Sartini Plt Karo Mankin), 
5. Ary Santoso (sebagai super admin yg bisa segalanya mengatur aplikasi mitra mbg, mengadakan yg gk ada, bahkan menghilangkan yg ada), 
6. Sartini Plt Karo Mankin (bertugas mengkondisikan anggaran yg diminta oknum tersebut, seperti mengganti usulan merevisi anggaran sepihak dengan dalil perintah dari Kepala BGN tanpa mengkoordinasikan dengan Kedeputian maupun Sestama sebagai pemilik anggaran)
7. Sony Sanjaya (sebagai super admin yg bisa segalanya mengatur aplikasi mitra mbg, mengadakan yg gk ada, bahkan menghilangkan yg ada), 
8. Rufry pegawai dari kpk yg jadi direktur di bgn untuk menutupi kelakuan mereka

Mereka semua diatas menggunakan tangan sppi yg masih lugu polos untuk bekerja mengumpulkan pundi2 di lapangan, mereka tidak berani menggunakan KPPG yg jelas2 secara aturan Kepala perwakilan bgn di daerah yg sudah dilantik resmi dengan jabatan eselon 3, mereka memakai sppi yg tidak tau apa2 yg hanya nurut perintah nanti ada kesalahan mereka yg disalahkan itulah playing victim. Oknum Badan Gizi Nasional Dadan Hindayana, Sony, risal, rufry dr kpk, ari tiap hari kalau datang diatas jam 9 malam hotel bigland pakuan bogor. lantai 3 samping setengah 2 malam, ada transaksi disitu",0,2025-12-17T13:26:32Z
@AbdulAziz-pk7fp,Waktu WAWANCARA INI.   PATUT DI CURIGAI. SDH berproses  DI KORUP.,0,2025-12-16T06:13:28Z
@ChavaliBonsai,"Mbg bagus tapi sayang banyak ga di makan sama anakÂ²ğŸ˜¢, program bagus tapi gizi ga kemakan",0,2025-12-16T03:37:37Z
@BauMahmud,PronasionaL. HEALTHY. impLementasi. . MBG. banyak dampak effec. Positive. QuaLit Quantit hidup...(saLute prof thank s luar biasa. loncatan.percepatsn,0,2025-12-06T21:14:00Z
@pedroananta3007,"Kalau orang tua di sejahterakan, pendidikan dan pekerjaan yg layak bisa di akses dengan mudah , maka anak anak pun bisa makan bergizi . Orang tua mana yang tidak mau memberi anaknya makan bergizi , kalau bukan karena kesulitan ekonomi di negri para penipu ini",0,2025-12-04T08:51:13Z
@heydude8616,"seluruh relawan harus diapresiasi dan diperhitungkan dari kepala dapur sampai pencucian ompreng harus sama sama sejahtera nya. karena relawan pekerja kasar di dapur ga gampang juga.

 belum sesuai dan adil fee dengan lemburan jam kerja. minimal perjam nya bisa dibayar toh anggaran akan cepat terserap juga klo seperti itu. 
semua sama sama capek tp pekerja kasar seperti dianak tirikan. dimana Pancasila nya Indonesia klo seperti itu?? miris",0,2025-11-30T22:04:57Z
@jefritriyoga6447,"MBG tepat sasaran bila dibagikan ke sekolah terpencil dan untuk yang kurang mampu, untuk yang sekolah sudah mampu maaf dengan sangat saya menolak",0,2025-11-13T08:19:33Z
@setiowidodo8509,"Ganti program saja gpp kok, rkyat pasti setuju ğŸ˜Š",0,2025-11-10T19:13:31Z
@jjofficialnewdokumenter7000,lanjutkan seterusnya MBG PROGRAM BAGUS byk yg terbantu gizi sangat penting untuk SDM generasi penerus mmbntu ekonomi di bawah mmbntu loker juga scr agama jg sangat berkah,0,2025-11-06T18:45:13Z
@alediragambas2599,"Program MBG,..target presiden membuat manusia unggul,...
Yg bermasalah yg menbuat menu tidak sesuai spek ato SOP,...
Setidaknya 2 tahun kedepan berkurangnya stunting,...dan mungkin 10 tahun kedepan bisa liat generasi baru dgn tubuh n ukuran yg agak tinggi mirip kayak film superhero program manusia unggul...ğŸ˜ŠğŸ˜€ğŸ˜†...
Harusnya tutup n pecat pegawai yg bermain menu tidak sesuai spek ato SOP...entah karena susu yg kurang kandungan ato lainnya...mayoritas kelemahan di susu yg kurang kandungan",0,2025-10-31T04:14:58Z
@adenyugib4322,Dijakrta gaji pekerja relawan MBG gak jelas om helmi..di daerah jakrta pusat masih 100/hari gak cocok dengan kerja mereka,0,2025-10-20T18:07:03Z
@bsndjlolp2168,"Lebih bagus juga TETAPKAN peningkatkan gaji UMR yg masih dibawah standar banget..jika tulang punggung cm 1 dg anggota kluarga yg masih butuh operasional utk kbutuhan ank2 yg masih sekolah, dn kbutuhan selain makan masih kurang dari kata cukup.",0,2025-10-16T03:13:07Z
@muhammadegimaulanaibrahim2550,"Dulu juga pernah makan gratis di sekolah waktu saya kelas 2 sd taun 99 tapi kok tetep tolol ya saya ğŸ˜‚ masih mau milih dpr yg IQ nya rendah ğŸ˜‚ğŸ˜‚, kalo anak sudah dasarnya pinter mau makan tiwul ma singkong tetep pinter prof.",0,2025-10-15T16:26:17Z
@mokoooko,"Pak, anda kan dosen Agroekologi  (Hama Penyakit Tanaman),, knp kok bisa jadi kepala BGN?? Kok bukan dari dosen TPG (Teknik Pangan dan Gizi) di IPB juga",0,2025-10-11T17:22:56Z
@MuhammadTohir-k7p,"Bantuan di pendidikan sudah ada BOS, PIP, DLL,",0,2025-10-11T03:19:49Z
@gemboljaya5576,"Lebih baik Sekolah Gratis daripada Makan Gratis, anggaranya untuk buka lapangan Kerja.",8,2025-10-03T01:09:57Z
@irwanbukhorimuslim4448,"1. Berhentikan sementara 
2. Lakukan evaluasi 
3. Audit Stakeholder 
4. Berikan ke ahlinya 
5. Tetapkan standar kualitas nasional layak konsumsi.
6. Buatkan perpu sanksi pidana dan perdata jika terjadi keracunan kembali, bukan sekedar minta maaf dianggap selesai.
7. Transparansi anggaran dari atas hingga bawah.
8. Uji sampling setiap hari, untuk memastikan makanan layak konsumsi.
9. Interview personal balancing, untuk mengetahui murid yang memiliki alergi makanan tertentu.
10. Pemerintah siap menerima kritik dan saran dari masyarakat, serta tidak menganggap politisasi dengan mencari provokator dan kambing hitam seperti biasanya tanpa memberikan solusi terhadap saran dan kritik masyarakat tersebut.

""JANGAN JADIKAN ANAK ANAK KAMI SEBAGAI KELINCI PERCOBAAN, DEMI AMBISI PENCITRAAN POLITIK KALIAN""

""JANGAN ANGGAP SETIAP KRITIK DAN SARAN SEBAGAI TINDAKAN POLITISASI""
""KAMI BUKAN POLITIKUS 
KAMI HANYALAH WARGA SIPIL BIASA YANG KHAWATIR ATAS KONDISI ANAK ANAK KAMI"".",0,2025-10-02T20:20:19Z
@BlockL-u7v,"Hentikan program terbodoh ini ,  Sarapan buatan istri saya lebih bergizi untuk anak saya . Tolong hentikan program bodoh ini !!!!!",0,2025-10-02T01:29:52Z
@muhammadalfaruq4023,Sudah bau tanah bukannya fokus ibadah malah ngasih makan serangga,1,2025-10-02T00:35:23Z
@rohmah1745-d1e,Ini progam sangat bagus tapi penanganannya yg kurang . Coba kalau diserahkan kesekolahan langsung ditangani kantinnya dan diawasi Koramil pasti hasilnya beda. Makanan lebih fres dan lebih higienis.Tidak basi dan terhindar dari lalat,0,2025-10-01T21:42:13Z
@Erina-c2w,"mbg program konyol, anggaran 15rb/siswa diberikan kepada ortu murid itu tidak perlu ada lagi anggaran pengadaan dapur, kendaraan, alatmakan, jasa memasak dll, konyolğŸ˜‚ğŸ˜‚",1,2025-10-01T11:02:19Z
@MochThamrinaja,mukanya ngeselin ajinq pengel gw tampol,1,2025-10-01T03:38:00Z
@FxHusin,"Daripada mungkin ada baiknya sistem MBG di review ulang.
Sumbang saran, al:
1. Sebaiknya MBG dilakukan desentralisasi kepada sekolah, dengan mengadakan sistem kantin sekolah. Sehingga mendapatkan makanan yang fresh.
2. Untuk pengaturan masak memasak lebih mudah untuk satu sekolah, daripada beberapa sekolah.
3. Menu makanan dapat mempekerjakan tamatan akademi gizi.
4. Untuk juru masak, bisa mendapat bantuan dari tamatan perhotelan jurusan food & beverage.
5. Bahan baku bisa bekerja sama dengan pedagang pasar tradisional, sehingga mencapai tujuan untuk meningkatkan pedagang UMKM.
6. Setiap siswa yang sudah makan, harus mencuci sendiri tray dan sendok makan, sehingga siswa dididik disiplin, yang saat ini mungkin sudah tidak ada lagi dalam rumah tangga tertentu.

Notes:
1. Orang tua murid / emak-emak yang tidak bekerja dan ada waktu, diminta untuk membantu sekolah melakukan pengawasan MBG, dari pembelian sayur mayur, masak, penyajian dan setelah makan.
2. Banyak siswa makan, asal ambil, tetapi makan tidak habis and dibuang.
3. Guru juga bisa ikut MBG, sehingga dapat membantu guru yang penghasilannya minim.
4. Pihak sekolah harus melakukan data siswa yang tidak mampu dan mampu secara ekonomi. Siswa yang mampu harus urunan untuk MBG, sehingga mengurangi beban APBN, bantuan pemerintah tepat guna untuk siswa kurang mampu. 
5. Point 3 ini harus dilakukan secara confidential, jangan sampai ada bully dan kesenjangan antar siswa.
6. Apabila ada sisa MBG, bisa dibawa pulang untuk makan malam bagi guru atau siswa atau diberikan kepada masyarakat sekitar yang secara ekonomi berkekurangan.

Hampura upami sumbang saran ini tidak berkenan.
Masih banyak STANDARD OPERATION PROCEDURE yang harus diterapkan, tidak mungkin dijabarkan pada tulisan ini.
Saya bisa dihubungi via WA 0818 189 925.
MATUR SUWUN.
ğŸ™ğŸ™ğŸ™",0,2025-09-30T12:06:57Z
@rebbel-s1w,"dengar dari teman,gaji buat pengadaan mbg ini gak ada. jadi upahnya dari mana? ya uang2 itu juga yg diolah. lahan becek.",1,2025-09-29T16:37:20Z
@suromakmur5107,MBG kebanyakan TEORI SOP. Dgn standar. Mitra yg investasi. Dengan @porsi 15rb. Mereka Inves DAPUR PRERALATAN TENAGA. Jatuhnya menu di DIPLIRIT ketemunya 5ribu / porsi.,1,2025-09-29T01:17:49Z
@niarahma4775,MBG bubarkan segera,0,2025-09-27T07:05:45Z
@leevangobel1749,"Dulu zaman kami SD tahun 90an , ada program mirip MBG , namanya PMTAS ( Program Makanan Tambahan Anak Sekolah) , bedanya dulu program nya di kelola langsung oleh pihak sekolah jadi lebih efisien dan mudah di kontrol dan tidak makan anggaran besar, kalo sekarang MBG ini kelemahan nya adalah di kelola secara masal , misal dalam satu kabupaten mengelola MBG utk di salurkan ke ratusan sekolah dan ribuan siswa sehingga dari distribusi aja sudah tidak efisien , satu satu nya SOLUSI  adalah program MBG di kembalikan ke pihak sekolah langsung yg mengelola nya sehingga mudah ter kontrol dan lebih efisien baik dari segi teknis pengelolaan nya maupun anggaran juga lebih hemat",1,2025-09-26T18:25:55Z
@aragakikidz7672,"MBG = Pembunuh Anak Bangsa ...
Ga ada MBG ga masalah, ga ada yg keracunan massal ...
Usut KORUPSI MBG ... !!!",1,2025-09-26T16:16:56Z
@ZakekyZakeky-q3x,"Gaji dikit pemerintah pajek naik dn lum lg ap2 mahal naik 2smp3x. Lengkp deh pak lum lg bntuan di korupsi, uang rkyt dikorupsi kekayaan alm di miliki swasta bkn untuk di bgikn rakyt nya, hem....oligrki2 yg menguasai itu lho pak yg mmbuat rkyt miskin ğŸ˜¡",3,2025-09-26T16:05:59Z
@mr.rojerrojer5496,"Di otak si botak ini cuma angka target banyak penerima MBG, tp ga ada diotaknya bagaimana anak2 yg keracunan dan orgtua yg was-was ketika anaknya sekolah mendapat MBG, pulang senang atau sakit..",1,2025-09-26T13:21:50Z
@mamaskhafid,kantin kantin tersenyum,0,2025-09-26T03:36:04Z
@suryamanmepadli2877,"Dilapangan .....masalah nyata :
1. Ketua Sppg banyak orang titipan ....dan banyak yg tak punya skill
2. Pihak tertentu di daerah ....minta jatah mulai dari 500 rp per porsi
3. Banyak dapur MBG yang terpaksa merekrut tenaga mitra nya jumlahnya sedikit.....hingga beban kerjanya berat sekali
4. Yayasan yang mengelola dan ketjadama dengan MBG kebanyakan milik Anggota DPR....sering menjadi konflik kepentingan",0,2025-09-25T06:14:06Z
@raisl9352,"KERACUNAN DI MANA"" cuma ada dua kemungkinan. KORUPTOR beraksi. atau KERACUNAN disengaja. Karena mana ada keracunan masif diberbagai kota. Bisa jadi mempermalukan Mr.  Presiden. Kalo saya orang tua. akan saya LARANG anak saya buat makan MBG sementara. Sampai ada jawaban yang tidak BEGO dari pengelola MBG. Kemaren dijawab alergi. itu salah satu yang BEGO",1,2025-09-24T13:51:53Z
@Ulieeeverse,"Ijin komen ,..stop MBG ,karna banyak generasi muda yg keracunan ,
Lebih baik berupa uang ajja di kasih ke wali murid ,,biar masak sendiri ,sesuai selera mereka ,...",0,2025-09-24T01:41:10Z
@NyomanSuryasa,"Program paling tidak berguna yang pernah ada, dan hanya menjadi ladang korupsi, yang sangat keji, sehingga menyebabkan anak anak yang tidak tau apa-apa harus menanggung nyawa mereka. Ke goblokan yang pernah ada, dan tidak ada yang mau investigasi serius dan hentikan secepatnya program tersebut.",1,2025-09-23T01:30:48Z
@KirnoWibowo-w6t,"Seharus nya Bgn menunjuk lembaga independen sbg pengawas/ pendamping atas pelaksanaan mbg,yg berfungsi sbg Person in charge, dr tingkat pusat sampai ke penerima manfaat,",0,2025-09-22T15:26:58Z
@Nunung-r7k,Proyek. MBG.  Proyek. Mudah. Kurupsi ...,1,2025-09-21T23:17:26Z
@Bonbonart182,makan beracun gratis?,1,2025-09-21T02:15:51Z
@suprayektiprawirosudarmo5056,"Mohon yang belum dibayar, bayarlah. Kasihan catering Kalibata. Juga coba periksa siswa banyak keracunan. Kasihan.",3,2025-09-19T22:31:10Z
@adenugroz5992,Semoga Makan bergizi kedepan nya bisa 1 sekolah 1 dapur . .byr terkontrol,0,2025-09-19T13:56:36Z
@Safiramart52,"Tolong pa program MBG dikaji lagi klo bisa diganti aja,. Sy sebagai orang tua tiap hari was was anak saya makan MBG keracunan apa tidak, hampir tiap hari makanan yg disajikan sudah ada yg basi..ini  sangat mubazir dan berbahaya buat anak.",0,2025-09-19T10:35:20Z
@MamaaimYaya,Mbg kadang menunya astagfirullah,0,2025-09-18T04:17:48Z
@chika-he7gs,"Bingung ya bagi2 proyek BGNğŸ˜‚ğŸ˜‚, banyak yg minta jatah proyek, indikasi bagi2 proyek ğŸ‰ğŸ‰ğŸ‰",0,2025-09-17T10:55:17Z
@najibkasim,"lebih baiknya pak uang di beri ke org tuanya , org tuanya tau selera anaknya",0,2025-09-16T21:23:54Z
@najibkasim,"apakah yg dinamakan makanan gratis di beri nasi dgn tempeh ituka dinamakan makanan bergisi makanan hanya di buang pak, hanya memberi ke untungan pejabat, hanya membodohi masyarakat,",0,2025-09-16T21:22:20Z
@yatisupri4451,Saran saya MBG ke daerah pelosok pak,0,2025-09-16T05:55:12Z
@ridwanyusup-q4p,Jangan sampai bikin yayasan siluman untuk menampung dana untuk kepentingan orang tertentu dan anggaran habis masyarakan tetap miskin dan kurang gizi...,1,2025-09-15T08:39:31Z
@dadanggunawan1290,"Dipotong yayasan pendukung Prabowo dipilpres, Rp 2500 /porsi ,udah diduga korufsinya nyasar sampai kebawah,",1,2025-09-14T17:01:03Z
@sabillirosyadi8251,Smg mbg berlanjut terus sampe kpnpun...didaerah kami sungguh sangat sangat di nantikan program mbg tsb...sungguh sangat mmbantu apalagi sekolah kami di lingkup ponpes yg jarang2 mkn enak...terimakasih bnyk bpk prabowo...,0,2025-09-14T05:34:05Z
@uriantokeckembangbahu6737,"Mohon ijin pak kepala BGN, sebelum bahas yg lain lain, bahas dulu bagaimana caranya agar honor (gaji) ahli gizi SPPG MBG di kabupaten Lamongan yg sudah bekerja 4 bulan lebih segera bisa dibayarkan. Kasihan mereka2 ngutang terus untuk sangu kerja.",0,2025-09-14T00:34:00Z
@friedpeco9363,"kebijakan populis, tidak efektif",0,2025-09-13T17:43:58Z
@Zeax._V4MP_yt,Bgn gak pernah ngontrol pelaksanaan MBG. Dan ini sangat membuka peluang lkorupsi baru.,0,2025-09-13T16:16:47Z
@Rusmiati-j4y,Pak Prof Dadan H. Percepatan di pembangunan  gedung dapur mbg di kab Tangerang .  Kerja keras pusat dan daerah dukungan DPRD di kondisikan trima kasih Mas Helmy yahya.,0,2025-09-13T15:50:09Z
@Rusmiati-j4y,Prgram mbg cakupanya luas anak stanting dikoordinasi puskesmas dan kader posyandu ibu hamil menyusui .,0,2025-09-13T15:17:41Z
@Rusmiati-j4y,Sehat selalu pak Helmy yahya dan pak Dadan mohon infokan ke pak Dadan dan pak bupati tangerang  di Kel binong kec curug tangerang belum ada dapur mbg  padat penduduknya 23 kami di RW 10 trima kasih Mas Helmy yahya tetzp semangat.,0,2025-09-13T15:01:50Z
@NinaAyal-c7t,Anak anak kita di Maluku khususnya kecamatan Saparua belum menikmati MBG  bapak,0,2025-09-12T13:08:07Z
@AhsanulKholiqin-f8p,Saya sangat setuju dengan mbh karnamenambah tenaga kerja,0,2025-09-12T12:08:55Z
@SumiatiSurodiharjo,â¤ğŸ‡²ğŸ‡¨.. Alhamdulillah,0,2025-09-12T07:58:00Z
@Ningsih-u9m5q,MBG banyak berpotensi Korupsi. .,0,2025-09-11T09:33:51Z
@Ningsih-u9m5q,"Ya ,,sebenarnya Program MBG ini ,menjadikan.ladang korupsi,,karna yg di dapat tidak sesuai apa yg di bilang bergizi.  Susu kambing aja 1minggu cuma 2x dapet .dan satu Minggu itu cuma 5x. Dan tidak sesuai harga yg di anggarkan. .tolong di Survei di Bangkalan....Pak ...ğŸ‘ğŸ™",0,2025-09-11T09:32:46Z
@niscayaghaca9514,Yg penting anggaran MBG ga disunat sana sini. Jadi menunya sesuai dg anggaran yg di turunkan oleh pemerintah.,0,2025-09-10T01:47:09Z
@ariswahyudi7123,Mungkin. Lebih baik buat beli pupuk aj buat petani jd pangan melimpah dan murah dari pada buat makan....anak2 skr sudah gak kekurangan gizi....,0,2025-09-09T16:50:57Z
@madsalim-jq5cm,"Pak menteri tlg siswa siswi sekolah dasar didaerah cilebut , baik dicilebut timur maupun cilebut barat kabupaten bogor, sampai saat ini blm merasakan makan bergizi gratis, bisa dibantu tdk krn semenjak hadir mbg, belum merasakan, krn didawrah tersebut sebagian besar ekonomi menengah kebawah, tlg pak dipikirkan bila perlu tlg ditegur bupatinya.",0,2025-09-09T06:57:22Z
@AghniaZahra-f3p,Tolong stop MBG (makan bergizi gratis) atau ganti nama jadi MAG (makanan asal-asalan gratis). Mubazir menu nya dikit dan ga jelas  dimana nilai gizinya.... Rasanya pun uwe bikin ga nafsu makan,0,2025-09-08T02:49:13Z
@DRchannel9953,"MBG Mantap
MBG program memberi makan adalah shodaqoh yg bisa mengangkat Drajat semoga negara ini tambah maju.
MBG menyapa peternak, petani dan menciptakan lapangan kerja.

Semoga Alloh Melindungi dan menolong dan niat baik
  Bapak Presiden Prabowo
 untuk mewujudkan program ini.",4,2025-09-06T02:40:41Z
@EdiSukarso-t9e,"sampai dengan tgl 5 September 2025 tenaga akuntansi di dapur kota Cilacap tidak mendapatkan honor, padahal SDH bekerja 4 bulan yang lalu, lantas bagaimana kelanjutannya, kasian karyawan gak bisa makan.",0,2025-09-05T17:28:43Z
@ArifBudiarto-g1m,"Coba cek porsi makanan anak, di dapur Masing masing.. coba cek barang belanjaan baku sesuai budget apa sesuai akal akalan",1,2025-09-05T11:43:04Z
@uriantokeckembangbahu6737,"Yth. Pemegang kebijakan MBG, bersama ini kami laporkan dengan hormat bahwa ahli gizi dan akuntan SPPG MBG diseluruh Indonesia sudah bekerja 4 bulan tapi belum menerima honor (gaji). Oleh karena itu mohon mendapat perhatian terhadap pemenuhan hak pekerja khususnya pemberian honor (gaji) kepada ahli gizi dan akuntan di SPPG MBG.",0,2025-09-05T11:03:44Z
@yusuf_gorenggareng369,Smga tdk mnjdi ajang korupsi ğŸ¤²ğŸ¤²ğŸ¤²ğŸ™,0,2025-09-05T06:44:38Z
@GusmaNingsih-r3o,Asslm bpk Helmy Yahya yg punya Chanel..tolong smp kan kpd Bpk Kep BGN. Saran kami dari msyarakat klu dpat 1 Dapur SPPG 3 org SPPI nya. Jadi 3 trip x 8 jam = 24 jam terawasi. Spy lebih trkontrol dapur nya. Dismping anak2 sppi tdk jenuh 24 jam. Trmsh smg Bpk amanah mnyampaikan nya.,1,2025-09-05T01:59:26Z
@InggritTiwi,Yang bikin pusing instansi pemerintahan ikutan jadi suplier,0,2025-09-04T08:00:22Z
@selonjoranaja509,semoga MBG tidak dikorupsi,0,2025-09-04T04:57:40Z
@HeniIrawati-q5w,"Bmg meningkatkan kesejahteraan, meningkatkan perekonomian",0,2025-09-03T16:38:45Z
@HeniIrawati-q5w,Mbg membukan lapangan kerja di semua sektor,0,2025-09-03T16:36:04Z
@fla1052,"Program MBG â¤investasi terbaik,,untuk anak jangan lihat yang mampu lihat yang keluarga brokenhome ,orangtua sibuk bekerja,janganlah arogan lihat ke atas kalian lihat ini terbaik bila mau AMAL ,bukan kasih sumbangan perang ,lihat sekeliling kita banyak yang harus diperhatikan ,,,MBG â¤sesuai dengan visi misi Bpk.Prabowo",1,2025-09-03T10:46:07Z
@SarahNagita,"Jujur pak, saya seneng ada program mbg, meringankan ekonomi saya pak,jadi uang bekal makan anak saya bisa saya tabung buat kedepannya pak, trus sama buka lowongan kerja yang sekarang cari kerja susah amat pak, harus lewat calo,dimana2 itu pak",0,2025-09-03T06:10:50Z
@ningrumkaranganyar2148,"Kalau memang diawasi oleh ahli gizi, apakah mie ayam dan baso termasuk menu makanan bergizi. Di daerah Boyolali keluar menu tsb.",0,2025-09-03T01:26:15Z
@meme2331,"Tentang nampan MBG yg IMPPORT gmn tuh ceritanya? Bs dijelaskan? Agar tidak menjadi berita yg hoax.
Tolong bang HY tanyakan.",0,2025-09-02T22:57:38Z
@FiroNafiroh,Alhamdulillah program makan gratis sgt bermanfaat bagi org byk.,0,2025-09-02T19:11:45Z
@Aunafarming,"Knp ompreng  impor masuk trus...
Prodak Indonesia jdi g laku...
KTanya mau produk Indonesia",0,2025-09-02T14:58:57Z
@manapmatahariterbit2788,1 DAPUR MBG 1 PEMILIK PENGUSAHA WILAYAH JGN SAMPAI DIKUASAI SESEORANG  BIAR SETIAP WILAYAH IKUT ANDIL ..SUKSES DAPUR MBG,0,2025-09-02T13:59:23Z
@pakdegus4380,Mending dana MBG di bagikan ke elit ajjah sebab sampai kini daerah grobogan hanya dengar omon omon doang doang,0,2025-09-02T04:04:00Z
@trihermawan6296,"Ganti uang aj pak, mbg merugikan pedagang kakai 5, contoh yg jualan di sekitar mbg, GK boleh jualan hrus di pindah",0,2025-09-02T03:48:12Z
@aditrizqi941,Mbg rugikan kantin dan pedagang keliling,1,2025-09-01T18:45:05Z
@sonyaaniapenna9022,"TOLONG DI HAPUS SAJA PROGRAM INI..GA GUNA ,HANYA MEMBUKA CELAH KORUPSI MASSAL DAN TIDAK TEPAT SASARAN!!!",0,2025-09-01T10:48:00Z
@jalur_langit_ar_sky,Kenapa harus ada fee yayasan 2rb rupiah per porsi per hari? Sedangkan yayasan. Kontribusi nya apa? Enak kali bisa dapet 2rbx3rb porsi = 6jt per hari,0,2025-09-01T08:11:50Z
@lukaskurniawan9090,Program MBG dihapus saja.... tidak berdampak pada Peningkatkan kesejahteraan Masyarakat. Malah kisruh,0,2025-09-01T08:01:04Z
@TuwahTuwah-e4w,"Program MBG sangat baik teruskan Pak Presiden Prabowo,saya selaku Rakyat siap dan ikut mensukseskan",1,2025-09-01T03:41:45Z
@dogopatisari,Pak Dadan tolong diawasi pemberian kontrak kepada yayasan2 yang menerima proyek MBG. banyak permainan dan pungli dalam pemberian kontrak kepada dapur2 yang mengelola MBG. tolong KPK dan Kejaksaan di ikut sertakan dalam penunjukan dapur2 MBG.,0,2025-08-30T07:22:04Z
@sale234,"Bang Helmi bisa tolong saya bertemu pak Dadan,
Saya mau cari petunjuk atas permasalahan dapur yang saya kelola 

Tolong bantu up",1,2025-08-30T01:31:31Z
@BpkMarzuki-bp2ti,"Makan bergizi hanya akan JD lahan korupsi baru,seperti bansos juga di korupsi",0,2025-08-29T13:08:52Z
@inyomanaditasuyasa1041,"MBG, hanya di kota2 daerah terpencil dan pedesaan di anak tirikan pakta di lapanga.....",0,2025-08-29T10:34:18Z
@radenbagusrinangku4369,ğŸ‘ğŸ‘...,0,2025-08-29T10:08:08Z
@bambangsudjatmiko9131,TUJUAN BAGUS PELAKSANAAN KACAU.  DANA YG SAMPAI DAPUR DIPOTONG FEE UTK CALO/YAYASAN/ORMAS. STOP PROGRAM INI. HANYA BAGI2 DUIT SAJA.,0,2025-08-29T06:33:58Z
@bajingluncatkanal,PROGRAM MAKAN GRATIS DICANANGKAN SOALNYA SI BOS HOBI MAKAN ENAK.....,0,2025-08-29T02:52:36Z
@mmc-ouf,Ada konten sblm ini saya tonton mbaknya bilang ada yg lauknya gak matang pak wah y sakit perut dong pak anak sya malahan,0,2025-08-29T02:04:28Z
@SUWATISUWATI-h9v,Lanjutkan pak . sesekali control menunya agar lebih berkualitas lagi,0,2025-08-28T21:41:39Z
@SUWATISUWATI-h9v,MBG keren pak...,0,2025-08-28T21:37:59Z
@dzikyramadhan21,bubar aja negara program ga efektif mkin bnyak utang negara,0,2025-08-28T05:54:06Z
@hanton007,"Minta dari Hongkong, skolah anak saya satu skolah nolak takut anak mlh keracunan, program yg aneh, lbh bagus buka lapangan kerja ato  bantu siswa yg kurang mampu, apa2 buat bangsa pdhl aslinya bagi2 kue doank, kpn ya punya pemimpin yg cerdas dan takut akan Tuhan, mungkin tunggu ayam tumbuh gigi",5,2025-08-28T05:18:14Z
@andilubis7525,solusi penyebab karena faktor uang jajan sekolah sebaik nya gaji org tua nya yg dinaikkan,0,2025-08-28T03:04:58Z
@PenaHitam-d6b,"Saya pribadi lebih memilih SEKOLAH GRATIS dibanding MBG
MBG lebih komplek prosesnya sehingga banyak celah penyelewengannya , terbukti beberapa kasus siswa justru keracunan setelah menyantap MBG , manfaatnya pun ""hanya"" sesaat ....

Sedangkan SEKOLAH GRATIS , manfaatnya jangka panjang bagi anak bangsa, orang tua mereka pun bisa memanfaatkan uang jatah sekolah anaknya untuk membeli kebutuhan dapurnya selagi anaknya sedang di upgrade otaknya",0,2025-08-28T02:43:55Z
@Atmojoppw,"Saya sebagai wali murid tidak setuju dgn program MBG ini. Saya punya treatment sendiri untuk peningkatan gizi pada anak yang sudah saya konsultasikan ke ahli gizi puskesmas. Konseling itu juga berkaitan dgn jenis makanan apa yg memicu alergi. 

Ingat masing-masing anak itu punya treatment sendiri, seharusnya tidak dikasih makanan dgn menu yg sama. Bahkan teman-teman anak saya banyak yg berbadan gemuk, jika tidak proposional pada gizinya maka hal terburuk bisa terjadi, misalnya obesitas. 

Saya tetap berpositif dalam pikiran bahwa program ini bebas dari praktek korupsi. Namun melihat fakta yg terjadi terkait kasus keracunan MBG membuat keraguan atas kelayakan program ini. Terlebih program MBG adalah pengeluaran terbesar pada APBN. Alangkah lebih bijaknya apabila anggaran itu dialokasikan ke hal yg lain terutama peningkatan kualitas pendidikan atau pemberdayaan masyarakat guna mengatasi kemiskinan.",0,2025-08-27T14:26:27Z
@TotokPrahasto,"Dgn MBG bisa mengurangi jajan anak2 sekolah yg nota bene..""banyak yg kurang sehat utk anak2""",0,2025-08-27T08:01:41Z
@bakasensei21,stupid program,0,2025-08-27T03:48:01Z
@arizals,Proyek TNI,0,2025-08-27T03:15:22Z
@AlifYa-l8b6m,"Percepat sih percepatan, bagaimana pengawasan nya di daerah, banyak kualitas makanan yang di berikan kurang baik, malahan menjadi mubazir, coba cek aja langsung di lapangan.
MBG program yang sangat sulit di awasi, yang mudah di awasi saja masih di korupsi",0,2025-08-26T20:28:38Z
@AhmadWildanSahuriRamdani-g6m,Terimakasih Prof dan Pak Helmy atas ilmunya. Salam Hangat dari KA SPPG Tangsel Pd. Ranji Ciputat Salam BergiziğŸ’™,0,2025-08-26T15:19:27Z
@rusiyono7069,ALHAMDULILLAH...SEMOGA PROGRAM MGB BERMANFAAT MENUJU SDM GENERASI EMAS 2045..AAMIIN 3X YRA,1,2025-08-26T15:03:59Z
@wardisuwardi9909,"Masalah pendidikan Indonesia bukan kurang makanan bergizi, tapi kurang nya fasilitas pendidikan, peningkatan kualitas guru",0,2025-08-26T14:07:21Z
@NurKhasanah-js6yv,Mbg itu bukan bergizi juga bikan gratis itu uang pajak rakyat mbg itu bansos yg beda bentuk,0,2025-08-26T09:54:38Z
@GusmaNingsih-r3o,"Dulu org bnyak kurang yakin dgn MBG ini..trnyata skrang MBG sangat brmnfaat. Prtama bisa menyrap tnga kerja. Ke 2. Sembako laris trjual. Ke 3. Pnerima mnfaat betul2 brmanfaat.. trutama diklangan bwah. Smg Bpk Pres Prabowo & Bpk Dadang dpt pahala dari Allah swt & smg amanah.
Cuma ada saran kamu klu dpat jml porsi yg dberikan kpd pnrima manfaat Max 2000 /sppg. krna stelah dilihat di lpngan Pkerja di dapur agak kwalahan.. bisa2 pekerja kekurangan energi utk bkerja hari2 brikutnya.",1,2025-08-26T07:38:55Z
@GusmaNingsih-r3o,Trmksh bnyak juga sama Bpk Helmy Yahya Chanel ini.,0,2025-08-26T06:05:52Z
@GusmaNingsih-r3o,Sebntar lgi SPPG ini mungkin bisa tumbuh lebih bnyak lagi..krna sudah kelihatan mnfaatnya oleh msyarkat..,0,2025-08-26T06:03:00Z
@GusmaNingsih-r3o,"Dulu org bnyak kurang yakin dgn MBG ini bisa brhsil..trnyata skrang MBG ini sangat brmanfaat.. pertama bisa menyerap tnga kerja. Ke 2. Sembako laris trjual. Ke 3. Penrima manfaat btul2 manfaat.. Smg Bpk Pres Prabowo & Bpk Dadang dapat pahala dari Allah swt & smg amanah.. Cuma ada saran kami klu dapat jml porsi yg dbrikan kpd pnerima mnfaat Max   2000 prsi lah/hr nya. Krn stlah dilihat di lap klu lebih dari 2 rb pekerja di dapur kyaknya agak kwalahan.. Bisa2 pkrja kekurngan energi utk hari2 brikutnya.
Lebih baik SPPG nya dperbnyak pak spy pnerima mnfaat bisa trcapai.",0,2025-08-26T06:00:37Z
@KIWKIW18,Ayo pejabat korupsi dana mbg . Biar program ga jalan . Berisik bgt sebelah rumah dibangun dapur makanan bergizi . Tiap hari dengerin suara kerja klontangan,0,2025-08-26T00:49:47Z
@yusupsutardi8825,"Gurunya tdk diperhatikan, anggaran pendidikan habis utk mbg",0,2025-08-25T07:19:38Z
@purbasadhi5995,"Kenapa sih gak pakai sistem vocher aja .... ?? Bisa ditukar dikantin sekolah, bisa ditukar di rumah makan, bisa ditukar direstoran ..... makanan sesuai selera masing-masing anak, jadi gak ada yg kebuang .......dan gak ribet .... serta memperkecil peluang untuk dikorupsi.",0,2025-08-25T07:15:29Z
@purbasadhi5995,Pasokan bahan makanan nya sudah dipikirin belum bos ... ??? Kalau bahan makanan diborong oleh dapur umum nanti bisa menimbulkan kelangkaan barang dipasar-pasar ... Nanti harga-harga bahan makanan akan meroket. Ibu-ibu nanti makin susah belanja dipasar karena barang langka dan harga naik..... ğŸ˜¢,0,2025-08-25T07:02:30Z
@purbasadhi5995,Distribusi nya ke sekolah-sekolah gimana bos. Sdh dipikirin belum ??? Waktunya sempit lho ... jam 12.00. harus siap disajikan. Sebaiknya pihak sekolah diberikan  kendaraan utk ambil jatah nya nasing-masing di dapur umum.,0,2025-08-25T06:57:30Z
@reristaapristina3827,Cilacap belum ada program makan siang gratis pak,0,2025-08-25T06:35:18Z
@asepjenal2929,Yg sudah jadi relawan MBG tolong donk kasih info apa bener soal upah dan jam kerja  belum teratur gajihnya dan jam kerjanya gimana,0,2025-08-25T04:53:43Z
@devieko8835,"pernah nyoba makanan MBG rasanya kurang gurih, dan saya tanya ke yg masak program MBG kenapa rasa makanannya kurang gurih, ternyata program MBG gak boleh terlalu banyak penyedap.",0,2025-08-25T02:56:39Z
@Arudinarudin777,Hari ini Indonesia banyak ahli...yg kurang adalah MORALITAS PEJABAT.NYA YG MENGHAMBAT MAJUNYA NEGERI INI...,0,2025-08-24T23:03:23Z
@Arudinarudin777,SEMUA PROGRAM YG DI CANANGKAN BAPAK PRABOWO...SPERTI MBG...SR...ATAUPUN APA NAMANYA...SEBUAH KETULUSAN PEMIMPIN YG MENGERTI KEBUTUHAN DASAR RAKYATNYA...â¤â¤,2,2025-08-24T22:58:11Z
@Cathrine_Vlnc,"Saya mendukung MBG
Banyak pengangguran tertolong jadi karyawan MBG
Sebenarnya MBG ini program ngasih makan gratis
Sekaligus ngasih bantuan pekerjaan ke masyarakat..
Kalo dikasih uang aja
Ke enakan dong ya..
Mereka ga produktif jadinya",21,2025-08-24T17:25:11Z
@dinawarmitalita9009,"Senaang....bisa langsung dengar dari pak menteri yg luar biasa
Dan salut luar biasa hebat untuk bang helmi memang daging semua pertanyaan nya
Maju indonesia ku...",1,2025-08-24T08:23:29Z
@jendrykremilo3683,"Maju terus MBG, jgn mundur, program sangat bagus.",7,2025-08-24T07:53:40Z
@wironet,"Tantangan itu biasa
Dimana tumbuh padi disitu tumbuh ilalang bukan tumbuh pisang 
Takbeda seperti bapak Jokowi
Baju terus untuk yg baik",1,2025-08-23T19:21:20Z
@AnnaKang-im1nn,"Boong nih....masih banyak kecamatan yg beklum tersentuh mbg ...kecamatan tirtomoyo wanogÊ»iri,,,,,,baru  direncanakan..,,..hapus saja MBG NGGAK TEPAT SASARAN.",0,2025-08-23T16:26:30Z
@lisdiana9793,MBG program omong kosong anggaran ratusan triliun hasilnya nol...anak dapat .makan gratis cuma sekali gizinya dari mana???,0,2025-08-23T10:39:35Z
@rackarayi2710,Saya setuju MBG sangat membatu. Sy bekwrja di MBG sebagai Relawan yg di gaji normal jam kerja 8 jam. 4000 porsi untuk makan bergizi perhari. 1 dapur memiliki 50 orang rekrut tenaga ahli. Sangat memberi manfaat ke berbagai aspek.â¤ Sukses slalu ya progam mbg untuk 4 th kedepan. Untuk dikota kota lainnya bersabar menunggu.,2,2025-08-23T09:35:04Z
@riochatrepratama1340,Program MBG yg sangat mengganggu omset kantin sekolah.,1,2025-08-23T09:14:24Z
@MFU.SM.4111,"Alhamdulillah. 
Sedekah, hadiah pemerintah kepada rakyat Indonesia. 
â¤â¤â¤
Semiga program program baik lainnya. 
Berjalan baik dan penuh berkah. 
I love Indonesia",1,2025-08-23T06:31:36Z
@MFU.SM.4111,"Semoga bagian kitchen nya diperhatikan juga sama pemerintah. 
â¤â¤â¤",2,2025-08-23T05:38:45Z
@doddypermadi,Program MBG adalah program yang strategik dan mulia. Prosesnya panjang tapi progresnya dapat diukur. Maju Terus demi kualitas Bangsa Indonesia.,3,2025-08-23T02:04:28Z
@CakDji9577,"Kenapa kok masih banyak bohongnya ? 
Memangnya jujur itu jelek ya  ? ,,,",0,2025-08-23T00:26:44Z
@kahadsuroto8823,Menandakan tidak adil negara...karna semua sekolah tidak semua dapat,1,2025-08-22T21:44:54Z
@agoesty_cherbond,Kacau sekali,0,2025-08-22T19:39:05Z
@indraisatkoe,Saya pribadi lebih baik...MBG..di stop dan di alihkan ke yg lain...,2,2025-08-22T16:05:13Z
@muhamadismail-rr8zn,Yg dirugikam justru masyarakat Tdk dibayar  di utang justru keracunan anak anaka anak hanya proyek korupsi yg dpt besar yg ngomong ini sudah berap T yg anda makan gak smapei 13 rb sudah di potong lagi danrem koramil babinsa diam sudah dpt coan.... Diil makelarnya para jendral yg coan ya para jendral,0,2025-08-22T12:53:57Z
@teguhpribadi7877,"Entahlah, menu makanan semerawut bahkan ada yg basi menu abon tapi didalamnya ada belatungnya katak anak saya ğŸ˜…,
Sepertinya bau bau korupsi ğŸ˜…",0,2025-08-21T12:46:09Z
@yohanesama1086,Sebaiknya pemerintah pusat kembali meninjau program makan bergisi tersebut tidak gratis melainkan di biayai okeh Negara.. Proyek ini sangat tidak berjalan sesuai apa yg di rencanakan. Buktinya yg terjadi di NTT program ini hanya di beri nasi sayuran sepotong ikan secuil tempe & sayur tanpa di beri sendok & susu. Bahkan sering siswa - siswi mendapat makanan yg sudah basi bahkan pernah terjadi siswa - siswi keracunan makanan dari program makan gratis ini. Ada baiknya dana program ini di alihkan ke hal yang lebih berguna dari pada makan gratis yg penuh dengan aturan & syarat korupsi. Makasih ğŸ™ mohon maaf jika ada yg tersinggung saya pribadi hanya mengkritik apa yg terjadi di lapangan agar kedepan pelayanannya menjadi lebih baik. ğŸ™ğŸ™ğŸ™,4,2025-08-21T11:12:54Z
@NiningLestari-z5o,Betul org tua siswa udah ngasih sarapan buat anak anaknya JD buat apa LG ada MBG bikin boros anggaran aja,0,2025-08-21T11:03:45Z
@rully7851,"RIP sahabatku di pontianak, yg baru saja meninggal kecapean ngurusin birokrasi beginian.",1,2025-08-21T10:56:22Z
@Puriyaniyani-n7n,"Kalo dijambi baru mulai pak.bulan ini,saya setuju dengan adanya mbg ini disekolah.dan mempekerjakan ibu2 .semoga dijambi ini terus makan gratis ini pak .dan tidak melencengin dana nya aja.ğŸ˜Š",0,2025-08-21T10:13:34Z
@tomgler,KORUPSI BERJAMAAH.,0,2025-08-21T07:02:46Z
@sardihidayat3712,Masalah Gizi bukan soal kekurangan makanan bergizi saja tapi Soal Kesadaran masyarakat dalam mengkonsumsi makanan. Liat saja anak2 tiap hari bisa jajan tapi justru dari jajan itu bukan menambah Gizi mereka,0,2025-08-20T15:26:10Z
@yudhacharmeldimowanutu5784,"Program yang sangat mulia, semoga kedepannya program ini dapat memberikan manfaat bagi anak anak Indonesia terutama bagi anak anak yang kurang mampu...ğŸ™",3,2025-08-20T10:45:51Z
@amri1181,"Nasib SPPI.a bagaimana pak, kapan gajian",1,2025-08-20T08:23:04Z
@UstadzOcet,Alhamdulillah bisa menjadi bagian dari BGN,0,2025-08-20T06:33:10Z
@RitaYuanny,"optimalkan dulu semua baru terlihat tdk hy sampe 5 thn, dengan catatan sinergis semua komposisinya seiring dengan cek kesehatan gratis di fasilitas kesehatan juga jajanan dilingkungan sekitarnya baik makanan dan minumannya apakah aman dan kadarnya tidak berlebihan kandungannya yang akan berbahaya 10-20 tahun akan menyebabkan penyakit kronis",0,2025-08-20T05:16:56Z
@EndangTrendz,"Dengan anggaran
8-10rb..di tuntut perfect...ğŸ˜ŠğŸ˜ŠğŸ˜Š
 Sy apresiasi sekali

Hanya masukan ya..
*Perbaiki saja rasa dari masakannya
 Anak pasti suka
Walaupun makanan sederhana
Asal rasa nya baik...
Itu jadi nilai lebih",2,2025-08-20T01:35:38Z
@parmanparman850,"Makan  berisi ini  menghina 
Rakyat   Rakyat  perlu  lapangan 
Kerja    bisa  bb isa  cuma nambah  kurupsi",0,2025-08-20T00:08:58Z
@hanifanruhullahsidiq1878,"sungguh berdampak sekali program MBG. wujudkan gizi seimbang anak,wujudkan indonesia emas ğŸ‡²ğŸ‡¨",3,2025-08-19T17:59:01Z
@sale234,Program yang menguras tenaga fikiran dan materi,10,2025-08-19T12:16:42Z
@hergiyankevin,"Faktanya, proyek ini milik anggotaÂ² HIPMI yg punya usaha cafe dan resto.",3,2025-08-19T10:06:55Z
@bhineka5498,"tobatlah yg ngurusin mbg, jangan korbankan anak2 demi pencitraan dan harta semata",3,2025-08-19T09:20:16Z
@putraradja-f3w,Omon omon omon omon....,0,2025-08-19T08:09:18Z
@YusRida-sq8pf,Ini program yg sangat bagus. Kami dukung sepenuhnya..,4,2025-08-19T03:03:10Z
@LoveRI99,"MBG maksud baik, teknis resiko tinggi 
Ganti Pola Makan Nabati - Bagikan Buah2 an. Olahan  daging dan bahan hewani rentan  4 jam inkubasi bakteri, susu formula juga banyak kasus kontaminasi. Beri Asupan Energi Plant Based - Stop Killing Animal. Jangan permah meremehkan nearmiss keracunan hati2 fatality hingga ke otak anak.",1,2025-08-18T18:28:45Z
@Arif-ji2zk,"MBG baiknya prioritas di daerah yang kekurangan gizi, di daerah yang orang tuannya mampu, cukup sistem kupon aja, itu juga gak perlu dipelihatkan mencolok biar tidak ada rasa minder di siswa. Nah kelebihan dananya alokasikan buat dukung guru, gedung sekolah, perlengkapan seperti komputer alat peraga, server dan pendidikan gratis buat yang kurang mampu. Jangan dipukul rata semua gizi sehingga mesti diseragamkan makanannya. Anggaran negara gunakan sebaik sesuai situasi kondisi tiap wilayah, yang perlu gizi beri gizi, yang perlu guru baik, support dengan guru yang mau kerja di pedalaman, yang perlu komputer berikan komputer. Keadilan sosial bukan berarti semua sama rata dan sama perlakuan",14,2025-08-18T09:30:12Z
@Cokicoki-x7m,Proglam ladang Mark up dan korupsi ğŸ˜‚,0,2025-08-18T03:55:25Z
@iisafei8342,Semoga program MBG bisa menjadi salah satu penggerak ekonomi warga Desa dan masyarakat sekitarnya ! Alfatihah ğŸ™,20,2025-08-17T09:44:38Z
@HilyaNurazkia-p7l,"Di kampung kampung belum dapat makanan bergizi,di seram bagian timur belum ada sama sekali.",1,2025-08-17T06:34:33Z
@NurHayati-n1u2t,"Program MBG pak presiden sudah bagus cuma pelaksanaanya di lapangan jauh dari harapa pak presiden contoh, harga perporsi dr presiden 15k tapi kenyataanya di lapangan sampai di daerah tinggal 10k na yang 5k kemana? Terus masalah peralatan dapur ini kan gak ada kaitannya dgn BGN tapi ko semua peralatan dari BGN, harga per satunya alat itu sampai bengkak harganya, jadi masih banyak masalah di lapangan.",2,2025-08-17T05:57:51Z
@AbahGedang-u6w,"BOHONG LAH S SAYA LIHAT DI PODCAST OTANG PAPUA MURNI TIDAK MAU TUH MENOLAK M B G MEREKA TAKUT DIRACUN KATANYA,.ğŸ˜®ğŸ˜®ğŸ˜®ğŸ˜®",0,2025-08-16T14:33:34Z
@Yenkonia,Ujungnya hanya dikorupsi itu sudah pasti coba liat nanti.,0,2025-08-16T14:31:06Z
@EnengNurasiyah-j4t,assalammu'alaikum sebelum saya mohon maap pa tolong percepat untuk wilayah kab garut makasih atas perhatiannya,0,2025-08-16T09:20:49Z
@EnengNurasiyah-j4t,assalammu'alaikum sebelum saya mohon maap pa tolong percepat untuk wilayah kab garut makasih atas perhatiannya,3,2025-08-16T09:20:34Z
@megaaa94,sungguh banyak manipulasi prof.,0,2025-08-15T11:55:51Z
@santri_nazlif,Ordal nya luar biasa... Sehingga banyak kali pungutan2 oleh oknum bagi calon Mitra dapur sppg,6,2025-08-14T17:54:37Z
@AdyTutup,Program yang sangat bagus banyak melibatkan daerah dan banyak merekrut karyawan daerah dan meningkatkan ekonomi daerah paling bawah,13,2025-08-13T23:21:30Z
@Muhammadzeinnurdin,"Mohon maaf. Sebaik nya di evaluasi kmbali msalah MBG mnjadi keracunan mkanan. Mnyakitkan anak bangsa.
Kurang efisien dn tdak layak di konsumsi, mkanan nya basi.
Alangkah baik nya MBG ini di lakukan di setiap sekolah, krena sekolh memiliki kantin. Agar mkanan nya mudah di awasi pihak sekolah dn mkanan langsung di sajikan ke siswa.",3,2025-08-13T06:17:22Z
@pfsofficial,Maju terus MBG untuk generasi emas IndonesiağŸ˜ğŸ˜,0,2025-08-13T02:13:09Z
@magnificentseven48,"Ini program kagak transparan, padahal zaman udh canggih. Harusnya di website tersedia informasinya, sekolah mana aja yg udh ada MBG, siapa vendornya, siapa pengawas mutu dan gizinya, menu makanannya apa aja. Program bagus tapi pengawasanmya lemah rentan bgt. Kelemahan Indonesia tiap ada proyek itu pelaksanaan dan pengawasanmya. Makanya udah 80 Tahun merdeka tapi negara kita gini2 aja. Udah kesalip Singapore, Thailand, Malaysia, Vietnam.ğŸ˜¢",21,2025-08-12T18:57:31Z
@kinkinsyamsudin8078,Anyir urang Garut..,0,2025-08-12T14:28:41Z
@nanarusdiana4825,"Asik banget obrolan ini, daging semua",4,2025-08-12T13:59:16Z
@user-hq9ef3oh2g,"MBG tidak bisa meningkatkan kecerdasan anak.perlu di ketahui pertumbuhan kecerdasan otak anak itu mulai dari dalam kandung hingga usia 5 tahun.
Jika MBG di kasih kenyang waktu jam belajar maka anak tidak fokus belajar dan makan kenyang mengakibatkan mengantuk karena ketika kenyang peredaran darah di otak menurun dan peredaran darah di perut jadi naik sehingga jadi mengantuk.
Yang tepat jam istirahat itu jajan jgn sampai kenyang",5,2025-08-12T13:57:43Z
@user-hq9ef3oh2g,"MBG tidak bisa meningkatkan kecerdasan anak.perlu di ketahui pertumbuhan kecerdasan otak anak itu mulai dari dalam kandung hingga usia 5 tahun.
Jika MBG di kasih kenyang waktu jam belajar maka anak tidak fokus belajar dan makan kenyang mengakibatkan mengantuk karena ketika kenyang peredaran darah di otak menurun dan peredaran darah di perut jadi naik sehingga jadi mengantuk.",4,2025-08-12T13:55:46Z
@helmi01196,"Kenapa MBG tidak langsung di tugaskan oleh sekolah2, seperti yang ada di luar2 negeri, jadi bisa makan pagi/siang di sekolah, jika memang sistem MBG di lakukan oleh pihak luar sekolah dan diluar sekolah, percayalah ini bukan untuk meningkatkan ilmu para pelajar, Melainkan lahan bisnis para pengusaha, andaikan sistemnya langsung di bangun di sekolah, dan disetiap sekolah di sediakan pakar gizi,dokter gizi dan cheft yang paham bagaimana memasak masakan itu supaya gizinya betul2 baik, kalo soal asal masak mah dirumah juga bisa, bayangkan aja masak pagi jam 5, di sebarkan ke pelajar jam 11/12 jirr itu udah basi ga sih? Masih bergizi kah? OMG negeri ini",4,2025-08-12T03:01:40Z
@sidiqmahendra5368,"Om Helmy,tolong dong undang narsumber yang kompeten di bidangnya dan memberi inspirasi positif..jgn undang pemerintah,udah bodoh,tolol gk kompeten,suka ngomong gk dipikir dan gak ada bisa diambil inspirasinya..malah makin menyesatkan bangsa.

Kecuali anda juga bagian dari rezim yg mendukung pembodohan bangsa juga",0,2025-08-12T01:57:27Z
@ketoetastawa3509,"Soal  kependudukan di RI, mengapa  pengendalian  penduduk  yg sudah ada ( KEluarga berencana) tidak di berdayakan lagi.?",0,2025-08-11T09:12:24Z
@ketoetastawa3509,"Maaf, bpk Kepala Dewan Gizi , memang Masy perlu informasi yg genuance demikian pula hambatannya, termasuk  rasional harga per paketnya.ğŸ™
Agar msy. Memahami  dg baik program yg strategis ini.",0,2025-08-11T09:05:02Z
@nagawahyudi,mbg makan beracun gratis,1,2025-08-11T04:39:44Z
@musbarir9015,Saluite utk kinerja Prof Dadan dg BGN sangat luarbiasa ... trtm utk percepatannya,4,2025-08-11T02:46:43Z
@MulYadi-fs5es,Boss Anda orang bijak tapi....Ngak bisa diterima Akal sehat ketua partai Anda Gibran,2,2025-08-11T02:35:27Z
@hadimeidiyan,BGN lebih baik memberdayakan Kantin Sekolah menjadi Dapur MBG. Dengan anggaran APBN+CSR dan pasokan bahan baku dari mitra koperasi dan petani.,0,2025-08-11T01:00:01Z
@ThomasArry-r1o,Tahun 2025 lebih baik berinvestasi otak daripada investasi perut. Program yang sia-sia. Waktu yang tepat untuk mencegah stunting dari sejak masa kehamilan sampai anak berusia 2 tahun. Akan lebih efektif anggarannya utk menambah gizi ibu hamil dan pendidikan gratis bagi anak sekolah.,4,2025-08-11T00:07:29Z
@akangselndanggajah,"telah terjadi aksi tak manusiawi di daerah pejagan desa tegalega cikiray.. atas tindakan salah tuduh pencuri motor
untuk vidio sudah beredar luas di medsos maupun televisi
mohon untuk di proses kepada piha berwajib
pelaku utama pria tanpa baju dan mengunakan sarung 
itu oknum di daerah cikidang dan sekitarnya
dan untuk hukum!
ade nya dia maling kenpa dulu tidak di perlakukan yang seperi dia lakukan ke sodara ""geri""
yang pasti aparatur negara harus segera bertindak, jika tidak ingin hal yang serupa terjadi kembali
aroganisme pria tanpa baju di daerah sukabumi sudah meresahkan warga
up sampai dia tau apa itu karma
tolong polres sukabumi kota
untuk segera bertindak",0,2025-08-10T19:27:33Z
@regionofndo4101,MAJU TERUS MBG UNTUK KEMAJUAN SDM YANG LEBIH BAIKâ¤,30,2025-08-10T15:44:41Z
@riwayatsanty2102,"Mending gak usah lah buat begini...ga semua daerah bisa dijangkau... lagian blm MOU aja udah ada pot 30% untuk setor kpd yg ngasih jalan.. gimana ga rawan korupsi.. makanan 10rb hrs memenuhi gizi itu dpt nya apa loh pak..
Jujur ya tetap enak masakan emak drmh..anak"" yg susah makan apa mau makan disekolah..
Mending sekolah digratiskan aja pak...biar rata semua rakyamu menikmati...",2,2025-08-10T15:36:24Z
@sanata2015,"Semangat Om Dadan. Sepupu dari papaku. Semangat ya om, salam utk Tante Nita.ğŸ‰",0,2025-08-10T13:56:11Z
@TS-dx3ok,harusnya KB maximum 2 anak digalangkan lagi di kalangan bawah.,1,2025-08-10T11:30:01Z
@MbakYanti-j7i,Makan anjing gratis untuk semua pejabat,2,2025-08-10T11:28:38Z
@wiburadioindonesia,"Banyak komen nyinyir, inilah kenapa indonesia sulit maju.

Kalo gak butuh ya silahkan lapor ke sekolah jadi porsinya dikurangin. Masih banyak anak yang lebih membutuhkan. Di video udah dijelasin padahal kalo sebelum dikasih ke sekolah ditanya apakah bersedia apa nggak, kalo mayoritas bersedia ya berarti banyak yang butuh",2,2025-08-10T11:14:54Z
@hewit2805,"Ijin pak, aku ga perduli kerjaan bapak apa, tapi karna bapak memiliki pengetahuan tentang hama serangan pada tanaman, sepertinya anda perlu membuat edukasi atau mungkim sistem pembelajaran untuk mengantisipasi penyakit pada tanaman, tidak mesti anda yg kerja mungkin bisa sistem buatan anda berdua. karna mayoritas itu petani sebaiknya industri ini perlu di perbaiki edukasinya dan sistem perekonimiannya untuk para rakyat jelata yg kesulitan untuk bertumbuh maju di lingkaran pertani kalangan terbawah, dan juga subsidikan pupuk semprot pestisita untuk hama penyerang tanaman yg harganya melangit juga bibit varietas yg sangat mahal di cabai karna over demand dan memiliki banyak keluhan bibit tidak asli. Terima gaji bapakâ€ğŸ™. â€œSedikit keluhanâ€",0,2025-08-10T10:38:34Z
@vennyvaniya3262,"Sama kek presidennya,, yg diomongin halu semua. Teori doang realitanya tk sesuai,,malah ngabisin uang negara aja. Penasaran sbnrnya komen nya om Helmi sperti apa Dlm hatinya",2,2025-08-10T10:23:07Z
@RirinUrs,Kalo menurut ku gak perlu berharap dr makan bergizi .. masakan emak lebih enak .. udh terbiasa mulai dr TK sampai skrg udh SMP.. ttp masakan emak yg jadi favorit anak2 .. emak itu sll berfikir menu apa lagi yg mau di masak buat bekel besok ..Klo dr program MBG ..gak semua anak2 suka dan cocok sama rasanya .. kenapa uangnya tidak di Kasikan ke ibunya aja biar ibunya yg mikir anaknya mau di masakin apa .. ini menurut ku Lo ya ..,3,2025-08-10T09:15:29Z
@aikoyunichi-m7g,"Gampang ngomongnya, yang jadi pertanyaan saya darimana uang gaji mereka yang 30 ribu lebih itu nggak mungkin gratislah, ujung2nya rakyat lagi yang dikorbankan..",0,2025-08-10T08:41:11Z
@dennynurmiaty3484,"BANYAK MAKANAN MUBAZIR DI LAPANGAN. DI BAWA PULANG PUN GAK DI MAKAN. 
BANYAK YG TDK DISUKAI ANAK2 !!!. YG PASTI DANANYA DI - COMOT COMOT  HA HA HA ğŸ˜‚ğŸ˜‚ğŸ˜‚....SDH TRADISIII???!!.",0,2025-08-10T08:07:36Z
@mulyantokurniawan4294,"MBG jalan kan dulu.... klw di korupsi oleh oknumÂ² yg berasa pendidikan tinggi tpi mentalnya yg rendah, mohon di tahan dan programnya d evaluasi...dan mohon dengan sangat Kurikulum pendidikan kedepankan etika, disiplin baru materi pendidikan...karena yg hilang di generasi kita adalah ETIKA",5,2025-08-10T07:16:19Z
@PuteraCahaya,"dulu saya pernah dikasih tau oleh Dr Ir Tresna Dermawan Kunaefi.... beliau mantan pejabat di Direktorat Jendral Pendidikan TInggi, mantan dosen ITB juga.... anak dari mantan gubernur Aang Kunaefi..... beliau punya prinsip.... THINK GLOBALLY.... ACT LOCALLY.... prinsipnya berpikir secara global / luas... tapi bertindak sesuai dengan kebutuhan lokal...... nah kalo saya pemerintah sekarang lebih cocok kalo disebut THINK GLOBALLY .... ACT GLOBALLY.... semua daerah ditreatment sama... pukul rata....... hadeuh padahal banyak orang pinter lho di pemerintah ini.... kok jadi gini.",3,2025-08-10T04:28:08Z
@nursepi9439,Bahaya laten di Indonesia itu adalah korupsi.. Semoga dana mbg tdk dikorupsi.,1,2025-08-10T02:58:21Z
@bayurocky1326,"Gizi apa yg bisa diharapkan dari program makanan seharga Rp 10rb/porsi sudah pasti sangat rendah protein. Di banyak daerah MBG justru banyak menyajikan makanan basi rendah protein bikin sakit perut anak sekolah, sudahlah hentikan proyek gak berfaedah buangÂ² anggaran ini karena rawan dikorupsi anggarannya, bukannya mencapai Generasi Emas yg ada malah jadi Generasi Mules. Gunakan APBN utk bantu biaya pendidikan dan bikin lapangan kerja sebanyak mungkin itu jauh lebih bermanfaat ğŸ˜Œ",6,2025-08-10T00:51:30Z
@mochingthecat,"Cb tim lapangan it lebih ketat memilih vendor, ada t4 makan aluminium yg bau, bau karena menggunakan air yg bersih atau mengeringkan pake lap bau apek...gk bs kah ada supervisor yg perhatikan sampe detail gtu...ky gak ada yg ahli di kuliner...",0,2025-08-09T23:28:02Z
@aikoyunichi-m7g,"Kalau menunya nggak disukai sama murid tersebut ya percuma aja akhirnya nggak dimakan, ya sia2 dong kalau saran saya nggak usah semua murid diberikan yang menentukan biar kepsek yang menentukan, otomatis biaya yang dikeluarkan nggak sebesar sekarang..",2,2025-08-09T16:17:10Z
@tarunalombok9265,"Bangga dengan adanya program MBG..
Jadi tetangga saya dluanya ke luar negri..skarang bisa bekrja di dapur dengan gaji UMR",0,2025-08-09T14:42:39Z
@PendyLee,"Korupsi ada di mana"", bagaimana indonesia 2045 bisa jadi indonesia emas ? *MIMPI*",6,2025-08-09T13:29:09Z
@harnobendoel2351,"Niatnya bagus, tapi tidak relevan dan tidak prioritas dan efektif terhadap upaya pembangunan dan peningkatan pengembangan pendidikan di indonesia, untuk saat ini, jika hanya aspek tsbt yg ditonjolkan tanpa pengembangan dan peningkatan infrastruktur pendidikan",7,2025-08-09T11:46:02Z
@Kanaya_Hafiza,"Niatnya memang bagus....tp lebih bermanfaat jika dialihkan untuk program pendidikan yg lain, misalnya...buku gratis, atau seragam gratis...tp untuk yg kurang mampu.
Yg mampu ya gak usah.
Di sklh sd anakku banyak yg tidak dimakan karena menunya tidak sesuai dengan selera anak. Udah gitu diterima dalam keadaan dingin.
Di bawa ke rumahpun jg gak ada yg makan.
Lalu berakhir di tempat sampah.
Sedih banget..pdhl di luar sana banyak orangÂ² yg kekurangan makan....ğŸ˜­",7,2025-08-09T09:22:48Z
@lietjinhan6440,"Sepatan Timur kab tangerang, tetanggaan sama bandara Soekarno-Hatta aja blom dapat MBG.",0,2025-08-09T06:09:25Z
@kabultchanel3922,"Lulus smp punya anak ga mampu ngasih mkn bergizi. Jadi latar belakang. Trus mbg buat smua anak di indonesia. 

Sprtinya blm konsisten deh.

Padahal banyak opsi dan tidak harus nambah anggaran. Bisa merustrukturisasi bantuan buat masyarakat. Contoh blt yg tadi nya uang dan beras jadi MBG tapi sistem yg dibuat bukan bikin dapur dll.",0,2025-08-09T03:37:49Z
@juliettst5203,"Eropa dan negara maju gak perlu ksh mkn gratis krn mrk sdh bli makanan sdr ğŸ˜‚
Negara maju di ksh voucher atau dpt duit dr pemerintah tiap 2 minggu utk yg low income.
Ksh uang nya gak perlu lwt org ini itu atau yayasan ini itu lsg msk rek org trsbt.
Sdh lbh canggih dan tersystem.",2,2025-08-09T02:40:10Z
@unsortircamera9514,"MBG banyak yang sia sia, anak anak tidak makan alasannya tidak enak.. Sekarang banyak anak-anak sekolah kembali membawa bekal dari rumah...",10,2025-08-09T02:38:35Z
@rahmawatirendra6684,Obrolan tingkat langit... Keluarga yg baik2 saja... Hhh,3,2025-08-09T00:42:54Z
@RianaSariRitonga3193,"Prettttt... Prof omon omon  ya kyk gini inih...pulll teori...makan gaji doankğŸ˜‚
Trn kebawah... keliling sono kyk bpk Aing ğŸ‘â¤",0,2025-08-09T00:37:38Z
@sangguru1005,Kasian daerah2 tertinggal anak2nya hanya bisa nelan ludah...ironis bgt,2,2025-08-08T23:16:19Z
@asrultgc,"program bagus tapi pelaksanaannya berbasis proyek, shg banyak makanan yg tidak disukai anak, tidak dimakan krn menu tdk cocok, banyak yg basi, akhirnya pemborosan anggaran negara, kesimpulannya program hambur uang rakyat",0,2025-08-08T22:48:37Z
@bunursaalikulbunur1783,kok tempat ku belom ada yg dpt mbg...itu karna apa ya ..kok saya gk faham..itu apa tergantung pd pemda nya,0,2025-08-08T22:36:33Z
@sheptian69,"Negara mau gagal bayar, ini proyek aja bayar macet2 pdhal yg ribut maren punya bowo ğŸ˜‚",0,2025-08-08T21:50:26Z
@ninamunawaroh2499,"MBG dilapangan kenyataannya banyak makanan mubadzir ,terbuang, karena  anak yg sdh makan dari rumah , cara masaknya makanan cepat basi. menunya yg kurang cocok dgn anak.
Lebih baik di kelola oleh komite ortu di sekolah masing masing, agar benar benar bermanfaat tanpa mubadzir.",4,2025-08-08T20:44:39Z
@teddicted,bagus nih PR training nyağŸ‘ tapi realita lapangan beda sm hasil laporan ke istana gading ya ğŸ˜‚,5,2025-08-08T20:38:42Z
@MalikaFarm-f2m,Anak ku kelas 2 SD juga belum pernah dapet..tp dapur sudah berdiri kokoh. Yg dapet proyek DPR kabupaten,0,2025-08-08T17:09:45Z
@VictorDicky,masih belum digodok mateng makan siang gratis sedikit memaksa. akibatnya lihat sendiri berapa banyak anak yg keracunan sampe sekarang?,0,2025-08-08T15:25:51Z
@magentafuschia,Semoga program MBG ini tetap berjalan meskipun pergantian kepemimpinan negara terjadi. Bukan hanya di periode kepemimpinan saat ini saja. Aamiin.,0,2025-08-08T15:09:32Z
@als8380,"Makanannya datang kesekolah tetlambat,  anak-ansk sudah beli makanan sendiri.",1,2025-08-08T14:04:09Z
@iheworld134,"Di kotaku kalsel, bnyk istri2 pejabat / anggota dpr yg menggarap proyek ini, bener2 ga dikasih kesempatan utk umkm",0,2025-08-08T13:56:13Z
@meizu5t268,HOak. Disini di kotawaringin barat blm ada makan gratis.,2,2025-08-08T13:47:49Z
@susrikamila9771,"Perbaikan gizi untuk anak sekolah, mantap ğŸ‘ğŸ½ supaya tidak terlalu banyak jajan yang tidak jelas gizinya.",1,2025-08-08T13:44:37Z
@susrikamila9771,Bagus-lah saling mengawasi.â¤,1,2025-08-08T13:39:58Z
@nuremgi7056,"Problemnya Dapur atau SPPG sulit berdiri. Karena harus bermodal milyaran. Dan akhirnya yang bisa mendirikan hanyalah para pengusaha pengusaha besar. Walau lebelnya yg menjadi penyelenggara Yayasan, praktiknya yayasan harus menggandeng pemodal yg punya uang besar. Semoga ini kedepan tidak ber potensi konflik.",6,2025-08-08T13:30:04Z
@raffalp5094,Program ini sungguh luar biasa bagus.... Baik dr sisi ekonomi maupun dr segi ketahanan Nasional,1,2025-08-08T13:02:45Z
@user-hq9ef3oh2g,"Pertumbuhan kecerdasan anak dimulaiÂ sejak dalam kandunganÂ dan berlangsung pesat pada masa kanak-kanak awal, terutama pada usia 0-5 tahun.Â Masa ini sering disebut sebagai ""usia emas"" atau ""golden age"" untuk perkembangan otak dan kecerdasan.Â 
Jadi proyek MBG ladang koruptor dan membuang anggaran negara",3,2025-08-08T12:54:16Z
@timetraveler9105,"Menurut saya, fokus ke pendidikan gizi seperti Jepang.
Ajarkan pola makan sehat dan minimal menghargai makanan dengan cara mengundang/study tour ke petani peternak. Atau ajarkan masak makanan bergizi.
Makan gk perlu gratis, subsidi saja untuk anak yg membutuhkan.
Saya mendukung makan bergizi tapi tidak gratis. 
Tapi ya, pemerintah lebih paham sih mestinya",0,2025-08-08T12:37:55Z
@asihsusil3977,"MBG prioritas daerah terpencil dulu, luar jawa. Mereka yang sering kelaparan, fasilitas pendidikan kurang, jumlah guru yang minim juga. Kalau MBG malah banyak di Jawa dan kota-kota besar ya malah miris ğŸ˜¢",6,2025-08-08T12:25:22Z
@arnoldy7,"Program nya bagus. Tata kelolanya... yg perlu terus diperbaiki.
Dan tata kelolanya harus mendetail sampai produk siap makan..",0,2025-08-08T12:06:22Z
@Ajarnotoati,Kenyataanya Pret,4,2025-08-08T11:56:14Z
@NUDPBengkulu,kenapa di kota pagaralam sampai sekarang belum dapat.........,0,2025-08-08T11:53:58Z
@SitiAisyah-gk2pg,Semua teorinya bagus tp kenyataan dilapangan tidak seperti itu yg terjadi pak budi,4,2025-08-08T11:49:28Z
@aryantomarzuk4195,"program MBG memberikan ruang bagi UMKM di bidang pangan bergerak stabil, baik itu petani, nelayan maupun peternak pasti akan merasakan dampaknya. anak-anak negri sehat dan ekonomi rakyat naik.",5,2025-08-08T11:36:10Z
@SitiAisyah-gk2pg,"Disekolah cucu2 sy kotamadya bandar lampung blum ada ,malah anak2 disuruh bw bekal 4 sehat 5 sempurna dimkan bersama disekolah tolong dicek",1,2025-08-08T11:31:59Z
@putuwirta8785,"Ijin berpendapat, sejauh yang saya ketahui menu-menu di MBG di daerah kami sudah dicukupi oleh orang tua mereka. Bahkan kebanyakan lebih dari 1 sajian menu MBG. menurut hemat saya berilah MBG pada daerah2 yang memang secara gisi belum bisa dipenuhi keluarga mereka. Sehingga program ini betul-betul tepat sasaran dan uang negara bisa dimanfaatkan untuk yang fundamental.",66,2025-08-08T10:28:05Z
